{
    "APPLE": 116.14495032921377,
    "TESLA": 86.67778957134823,
    "CONCHBANK": 53.43321287926956
}