{
    "APPLE": 95.4155924595614,
    "TESLA": 84.94937364054226,
    "CONCHBANK": 62.42821746170921
}