{
    "APPLE": 102.00495049129921,
    "TESLA": 93.55991358091231,
    "CONCHBANK": 64.31484639467978
}